icon,badge,name,prompt,effect_label,effect_value,bonus,setup,Copies
▲,トラブル発生,突発的な仕様変更でプロジェクトが混乱している。,,効果,"座標カードを1枚引いて対象マスを決定。
そのマスが負荷状態に（既に負荷なら消失／既に消失なら空振り）。
絆トークンで無効化可",,,2
▲,トラブル発生,システム障害が発生し、対応に追われている。,,効果,"座標カードを1枚引いて対象マスを決定。
そのマスが負荷状態に（既に負荷なら消失／既に消失なら空振り）。
絆トークンで無効化可",,,2
▲,トラブル発生,取引先とのトラブルが発生した。,,効果,"座標カードを1枚引いて対象マスを決定。
そのマスが負荷状態に（既に負荷なら消失／既に消失なら空振り）。
絆トークンで無効化可",,,1
▲,トラブル発生,チームメンバーが急に休職し、引き継ぎが発生した。,,効果,"座標カードを1枚引いて対象マスを決定。
そのマスが負荷状態に（既に負荷なら消失／既に消失なら空振り）。
絆トークンで無効化可",,,1
▲,トラブル発生,繁忙期が重なり、現場が疲弊している。,,効果,"座標カードを1枚引いて対象マスを決定。
そのマスが負荷状態に（既に負荷なら消失／既に消失なら空振り）。
絆トークンで無効化可",,,1
▲,トラブル発生,重要な会議の準備が後手に回っている。,,効果,"座標カードを1枚引いて対象マスを決定。
そのマスが負荷状態に（既に負荷なら消失／既に消失なら空振り）。
絆トークンで無効化可",,,1
